Row Number,Owner,Google Trends Suggestion,Google Trends Search Term,SVI Index
233,ALBERGA DAVID A,CEO of Williams-Sonoma,Laura J. Alber,0
233,ALBERGA DAVID A,CEO of Williams-Sonoma,Laura J. Alber,60
233,ALBERGA DAVID A,CEO of Williams-Sonoma,Laura J. Alber,0
233,ALBERGA DAVID A,CEO of Williams-Sonoma,Laura J. Alber,58
233,ALBERGA DAVID A,CEO of Williams-Sonoma,Laura J. Alber,0
233,ALBERGA DAVID A,CEO of Williams-Sonoma,Laura J. Alber,0
233,ALBERGA DAVID A,CEO of Williams-Sonoma,Laura J. Alber,0
233,ALBERGA DAVID A,CEO of Williams-Sonoma,Laura J. Alber,0
233,ALBERGA DAVID A,CEO of Williams-Sonoma,Laura J. Alber,48
233,ALBERGA DAVID A,CEO of Williams-Sonoma,Laura J. Alber,99
233,ALBERGA DAVID A,CEO of Williams-Sonoma,Laura J. Alber,51
233,ALBERGA DAVID A,CEO of Williams-Sonoma,Laura J. Alber,0
233,ALBERGA DAVID A,CEO of Williams-Sonoma,Laura J. Alber,80
233,ALBERGA DAVID A,CEO of Williams-Sonoma,Laura J. Alber,42
233,ALBERGA DAVID A,CEO of Williams-Sonoma,Laura J. Alber,0
233,ALBERGA DAVID A,CEO of Williams-Sonoma,Laura J. Alber,0
233,ALBERGA DAVID A,CEO of Williams-Sonoma,Laura J. Alber,0
233,ALBERGA DAVID A,CEO of Williams-Sonoma,Laura J. Alber,37
233,ALBERGA DAVID A,CEO of Williams-Sonoma,Laura J. Alber,0
233,ALBERGA DAVID A,CEO of Williams-Sonoma,Laura J. Alber,0
233,ALBERGA DAVID A,CEO of Williams-Sonoma,Laura J. Alber,0
233,ALBERGA DAVID A,CEO of Williams-Sonoma,Laura J. Alber,0
233,ALBERGA DAVID A,CEO of Williams-Sonoma,Laura J. Alber,0
233,ALBERGA DAVID A,CEO of Williams-Sonoma,Laura J. Alber,0
233,ALBERGA DAVID A,CEO of Williams-Sonoma,Laura J. Alber,0
233,ALBERGA DAVID A,CEO of Williams-Sonoma,Laura J. Alber,54
233,ALBERGA DAVID A,CEO of Williams-Sonoma,Laura J. Alber,0
233,ALBERGA DAVID A,CEO of Williams-Sonoma,Laura J. Alber,51
233,ALBERGA DAVID A,CEO of Williams-Sonoma,Laura J. Alber,24
233,ALBERGA DAVID A,CEO of Williams-Sonoma,Laura J. Alber,0
233,ALBERGA DAVID A,CEO of Williams-Sonoma,Laura J. Alber,25
233,ALBERGA DAVID A,CEO of Williams-Sonoma,Laura J. Alber,0
233,ALBERGA DAVID A,CEO of Williams-Sonoma,Laura J. Alber,0
233,ALBERGA DAVID A,CEO of Williams-Sonoma,Laura J. Alber,21
233,ALBERGA DAVID A,CEO of Williams-Sonoma,Laura J. Alber,20
233,ALBERGA DAVID A,CEO of Williams-Sonoma,Laura J. Alber,21
233,ALBERGA DAVID A,CEO of Williams-Sonoma,Laura J. Alber,36
233,ALBERGA DAVID A,CEO of Williams-Sonoma,Laura J. Alber,0
233,ALBERGA DAVID A,CEO of Williams-Sonoma,Laura J. Alber,17
233,ALBERGA DAVID A,CEO of Williams-Sonoma,Laura J. Alber,17
233,ALBERGA DAVID A,CEO of Williams-Sonoma,Laura J. Alber,0
233,ALBERGA DAVID A,CEO of Williams-Sonoma,Laura J. Alber,34
233,ALBERGA DAVID A,CEO of Williams-Sonoma,Laura J. Alber,16
233,ALBERGA DAVID A,CEO of Williams-Sonoma,Laura J. Alber,31
233,ALBERGA DAVID A,CEO of Williams-Sonoma,Laura J. Alber,0
233,ALBERGA DAVID A,CEO of Williams-Sonoma,Laura J. Alber,14
233,ALBERGA DAVID A,CEO of Williams-Sonoma,Laura J. Alber,14
233,ALBERGA DAVID A,CEO of Williams-Sonoma,Laura J. Alber,0
233,ALBERGA DAVID A,CEO of Williams-Sonoma,Laura J. Alber,13
233,ALBERGA DAVID A,CEO of Williams-Sonoma,Laura J. Alber,0
233,ALBERGA DAVID A,CEO of Williams-Sonoma,Laura J. Alber,25
233,ALBERGA DAVID A,CEO of Williams-Sonoma,Laura J. Alber,37
233,ALBERGA DAVID A,CEO of Williams-Sonoma,Laura J. Alber,25
233,ALBERGA DAVID A,CEO of Williams-Sonoma,Laura J. Alber,13
233,ALBERGA DAVID A,CEO of Williams-Sonoma,Laura J. Alber,0
233,ALBERGA DAVID A,CEO of Williams-Sonoma,Laura J. Alber,38
233,ALBERGA DAVID A,CEO of Williams-Sonoma,Laura J. Alber,23
233,ALBERGA DAVID A,CEO of Williams-Sonoma,Laura J. Alber,21
233,ALBERGA DAVID A,CEO of Williams-Sonoma,Laura J. Alber,0
233,ALBERGA DAVID A,CEO of Williams-Sonoma,Laura J. Alber,12
233,ALBERGA DAVID A,CEO of Williams-Sonoma,Laura J. Alber,0
233,ALBERGA DAVID A,CEO of Williams-Sonoma,Laura J. Alber,0
233,ALBERGA DAVID A,CEO of Williams-Sonoma,Laura J. Alber,0
233,ALBERGA DAVID A,CEO of Williams-Sonoma,Laura J. Alber,21
233,ALBERGA DAVID A,CEO of Williams-Sonoma,Laura J. Alber,0
233,ALBERGA DAVID A,CEO of Williams-Sonoma,Laura J. Alber,11
233,ALBERGA DAVID A,CEO of Williams-Sonoma,Laura J. Alber,0
233,ALBERGA DAVID A,CEO of Williams-Sonoma,Laura J. Alber,42
233,ALBERGA DAVID A,CEO of Williams-Sonoma,Laura J. Alber,0
233,ALBERGA DAVID A,CEO of Williams-Sonoma,Laura J. Alber,0
233,ALBERGA DAVID A,CEO of Williams-Sonoma,Laura J. Alber,10
233,ALBERGA DAVID A,CEO of Williams-Sonoma,Laura J. Alber,0
233,ALBERGA DAVID A,CEO of Williams-Sonoma,Laura J. Alber,28
233,ALBERGA DAVID A,CEO of Williams-Sonoma,Laura J. Alber,29
233,ALBERGA DAVID A,CEO of Williams-Sonoma,Laura J. Alber,9
233,ALBERGA DAVID A,CEO of Williams-Sonoma,Laura J. Alber,18
233,ALBERGA DAVID A,CEO of Williams-Sonoma,Laura J. Alber,47
233,ALBERGA DAVID A,CEO of Williams-Sonoma,Laura J. Alber,19
233,ALBERGA DAVID A,CEO of Williams-Sonoma,Laura J. Alber,33
233,ALBERGA DAVID A,CEO of Williams-Sonoma,Laura J. Alber,32
233,ALBERGA DAVID A,CEO of Williams-Sonoma,Laura J. Alber,0
233,ALBERGA DAVID A,CEO of Williams-Sonoma,Laura J. Alber,8
233,ALBERGA DAVID A,CEO of Williams-Sonoma,Laura J. Alber,22
233,ALBERGA DAVID A,CEO of Williams-Sonoma,Laura J. Alber,0
233,ALBERGA DAVID A,CEO of Williams-Sonoma,Laura J. Alber,23
233,ALBERGA DAVID A,CEO of Williams-Sonoma,Laura J. Alber,44
233,ALBERGA DAVID A,CEO of Williams-Sonoma,Laura J. Alber,6
233,ALBERGA DAVID A,CEO of Williams-Sonoma,Laura J. Alber,6
233,ALBERGA DAVID A,CEO of Williams-Sonoma,Laura J. Alber,11
233,ALBERGA DAVID A,CEO of Williams-Sonoma,Laura J. Alber,6
233,ALBERGA DAVID A,CEO of Williams-Sonoma,Laura J. Alber,6
233,ALBERGA DAVID A,CEO of Williams-Sonoma,Laura J. Alber,11
233,ALBERGA DAVID A,CEO of Williams-Sonoma,Laura J. Alber,11
233,ALBERGA DAVID A,CEO of Williams-Sonoma,Laura J. Alber,100
233,ALBERGA DAVID A,CEO of Williams-Sonoma,Laura J. Alber,10
233,ALBERGA DAVID A,CEO of Williams-Sonoma,Laura J. Alber,20
233,ALBERGA DAVID A,CEO of Williams-Sonoma,Laura J. Alber,32
233,ALBERGA DAVID A,CEO of Williams-Sonoma,Laura J. Alber,5
233,ALBERGA DAVID A,CEO of Williams-Sonoma,Laura J. Alber,4
233,ALBERGA DAVID A,CEO of Williams-Sonoma,Laura J. Alber,5
233,ALBERGA DAVID A,CEO of Williams-Sonoma,Laura J. Alber,13
233,ALBERGA DAVID A,CEO of Williams-Sonoma,Laura J. Alber,5
233,ALBERGA DAVID A,CEO of Williams-Sonoma,Laura J. Alber,13
233,ALBERGA DAVID A,CEO of Williams-Sonoma,Laura J. Alber,4
233,ALBERGA DAVID A,CEO of Williams-Sonoma,Laura J. Alber,18
233,ALBERGA DAVID A,CEO of Williams-Sonoma,Laura J. Alber,49
233,ALBERGA DAVID A,CEO of Williams-Sonoma,Laura J. Alber,13
233,ALBERGA DAVID A,CEO of Williams-Sonoma,Laura J. Alber,8
233,ALBERGA DAVID A,CEO of Williams-Sonoma,Laura J. Alber,15
233,ALBERGA DAVID A,CEO of Williams-Sonoma,Laura J. Alber,4
233,ALBERGA DAVID A,CEO of Williams-Sonoma,Laura J. Alber,62
233,ALBERGA DAVID A,CEO of Williams-Sonoma,Laura J. Alber,15
233,ALBERGA DAVID A,CEO of Williams-Sonoma,Laura J. Alber,22
233,ALBERGA DAVID A,CEO of Williams-Sonoma,Laura J. Alber,16
233,ALBERGA DAVID A,CEO of Williams-Sonoma,Laura J. Alber,15
233,ALBERGA DAVID A,CEO of Williams-Sonoma,Laura J. Alber,41
233,ALBERGA DAVID A,CEO of Williams-Sonoma,Laura J. Alber,11
233,ALBERGA DAVID A,CEO of Williams-Sonoma,Laura J. Alber,32
233,ALBERGA DAVID A,CEO of Williams-Sonoma,Laura J. Alber,52
233,ALBERGA DAVID A,CEO of Williams-Sonoma,Laura J. Alber,7
233,ALBERGA DAVID A,CEO of Williams-Sonoma,Laura J. Alber,24
233,ALBERGA DAVID A,CEO of Williams-Sonoma,Laura J. Alber,0
233,ALBERGA DAVID A,CEO of Williams-Sonoma,Laura J. Alber,14
233,ALBERGA DAVID A,CEO of Williams-Sonoma,Laura J. Alber,18
233,ALBERGA DAVID A,CEO of Williams-Sonoma,Laura J. Alber,30
233,ALBERGA DAVID A,CEO of Williams-Sonoma,Laura J. Alber,13
233,ALBERGA DAVID A,CEO of Williams-Sonoma,Laura J. Alber,33
233,ALBERGA DAVID A,CEO of Williams-Sonoma,Laura J. Alber,20
233,ALBERGA DAVID A,CEO of Williams-Sonoma,Laura J. Alber,23
233,ALBERGA DAVID A,CEO of Williams-Sonoma,Laura J. Alber,26
233,ALBERGA DAVID A,CEO of Williams-Sonoma,Laura J. Alber,40
233,ALBERGA DAVID A,CEO of Williams-Sonoma,Laura J. Alber,12
233,ALBERGA DAVID A,CEO of Williams-Sonoma,Laura J. Alber,15
233,ALBERGA DAVID A,CEO of Williams-Sonoma,Laura J. Alber,12
233,ALBERGA DAVID A,CEO of Williams-Sonoma,Laura J. Alber,27
233,ALBERGA DAVID A,CEO of Williams-Sonoma,Laura J. Alber,4
233,ALBERGA DAVID A,CEO of Williams-Sonoma,Laura J. Alber,24
233,ALBERGA DAVID A,CEO of Williams-Sonoma,Laura J. Alber,21
233,ALBERGA DAVID A,CEO of Williams-Sonoma,Laura J. Alber,4
233,ALBERGA DAVID A,CEO of Williams-Sonoma,Laura J. Alber,27
233,ALBERGA DAVID A,CEO of Williams-Sonoma,Laura J. Alber,15
233,ALBERGA DAVID A,CEO of Williams-Sonoma,Laura J. Alber,18
233,ALBERGA DAVID A,CEO of Williams-Sonoma,Laura J. Alber,23
233,ALBERGA DAVID A,CEO of Williams-Sonoma,Laura J. Alber,11
233,ALBERGA DAVID A,CEO of Williams-Sonoma,Laura J. Alber,12
233,ALBERGA DAVID A,CEO of Williams-Sonoma,Laura J. Alber,3
233,ALBERGA DAVID A,CEO of Williams-Sonoma,Laura J. Alber,26
233,ALBERGA DAVID A,CEO of Williams-Sonoma,Laura J. Alber,15
233,ALBERGA DAVID A,CEO of Williams-Sonoma,Laura J. Alber,15
233,ALBERGA DAVID A,CEO of Williams-Sonoma,Laura J. Alber,22
233,ALBERGA DAVID A,CEO of Williams-Sonoma,Laura J. Alber,6
233,ALBERGA DAVID A,CEO of Williams-Sonoma,Laura J. Alber,35
233,ALBERGA DAVID A,CEO of Williams-Sonoma,Laura J. Alber,12
233,ALBERGA DAVID A,CEO of Williams-Sonoma,Laura J. Alber,18
233,ALBERGA DAVID A,CEO of Williams-Sonoma,Laura J. Alber,24
233,ALBERGA DAVID A,CEO of Williams-Sonoma,Laura J. Alber,17
233,ALBERGA DAVID A,CEO of Williams-Sonoma,Laura J. Alber,11
233,ALBERGA DAVID A,CEO of Williams-Sonoma,Laura J. Alber,23
233,ALBERGA DAVID A,CEO of Williams-Sonoma,Laura J. Alber,26
233,ALBERGA DAVID A,CEO of Williams-Sonoma,Laura J. Alber,11
233,ALBERGA DAVID A,CEO of Williams-Sonoma,Laura J. Alber,8
233,ALBERGA DAVID A,CEO of Williams-Sonoma,Laura J. Alber,15
233,ALBERGA DAVID A,CEO of Williams-Sonoma,Laura J. Alber,24
233,ALBERGA DAVID A,CEO of Williams-Sonoma,Laura J. Alber,62
233,ALBERGA DAVID A,CEO of Williams-Sonoma,Laura J. Alber,22
233,ALBERGA DAVID A,CEO of Williams-Sonoma,Laura J. Alber,16
233,ALBERGA DAVID A,CEO of Williams-Sonoma,Laura J. Alber,46
233,ALBERGA DAVID A,CEO of Williams-Sonoma,Laura J. Alber,16
233,ALBERGA DAVID A,CEO of Williams-Sonoma,Laura J. Alber,5
233,ALBERGA DAVID A,CEO of Williams-Sonoma,Laura J. Alber,17
233,ALBERGA DAVID A,CEO of Williams-Sonoma,Laura J. Alber,47
233,ALBERGA DAVID A,CEO of Williams-Sonoma,Laura J. Alber,5
233,ALBERGA DAVID A,CEO of Williams-Sonoma,Laura J. Alber,29
233,ALBERGA DAVID A,CEO of Williams-Sonoma,Laura J. Alber,34
233,ALBERGA DAVID A,CEO of Williams-Sonoma,Laura J. Alber,14
233,ALBERGA DAVID A,CEO of Williams-Sonoma,Laura J. Alber,19
233,ALBERGA DAVID A,CEO of Williams-Sonoma,Laura J. Alber,17
233,ALBERGA DAVID A,CEO of Williams-Sonoma,Laura J. Alber,21
233,ALBERGA DAVID A,CEO of Williams-Sonoma,Laura J. Alber,13
233,ALBERGA DAVID A,CEO of Williams-Sonoma,Laura J. Alber,11
233,ALBERGA DAVID A,CEO of Williams-Sonoma,Laura J. Alber,10
233,ALBERGA DAVID A,CEO of Williams-Sonoma,Laura J. Alber,19
233,ALBERGA DAVID A,CEO of Williams-Sonoma,Laura J. Alber,16
233,ALBERGA DAVID A,CEO of Williams-Sonoma,Laura J. Alber,8
233,ALBERGA DAVID A,CEO of Williams-Sonoma,Laura J. Alber,53
233,ALBERGA DAVID A,CEO of Williams-Sonoma,Laura J. Alber,25
233,ALBERGA DAVID A,CEO of Williams-Sonoma,Laura J. Alber,14
233,ALBERGA DAVID A,CEO of Williams-Sonoma,Laura J. Alber,13
233,ALBERGA DAVID A,CEO of Williams-Sonoma,Laura J. Alber,8
233,ALBERGA DAVID A,CEO of Williams-Sonoma,Laura J. Alber,19
233,ALBERGA DAVID A,CEO of Williams-Sonoma,Laura J. Alber,15
233,ALBERGA DAVID A,CEO of Williams-Sonoma,Laura J. Alber,12
233,ALBERGA DAVID A,CEO of Williams-Sonoma,Laura J. Alber,14
233,ALBERGA DAVID A,CEO of Williams-Sonoma,Laura J. Alber,20
233,ALBERGA DAVID A,CEO of Williams-Sonoma,Laura J. Alber,30
233,ALBERGA DAVID A,CEO of Williams-Sonoma,Laura J. Alber,23
233,ALBERGA DAVID A,CEO of Williams-Sonoma,Laura J. Alber,32
233,ALBERGA DAVID A,CEO of Williams-Sonoma,Laura J. Alber,20
233,ALBERGA DAVID A,CEO of Williams-Sonoma,Laura J. Alber,32
233,ALBERGA DAVID A,CEO of Williams-Sonoma,Laura J. Alber,25
233,ALBERGA DAVID A,CEO of Williams-Sonoma,Laura J. Alber,4
233,ALBERGA DAVID A,CEO of Williams-Sonoma,Laura J. Alber,5
233,ALBERGA DAVID A,CEO of Williams-Sonoma,Laura J. Alber,15
233,ALBERGA DAVID A,CEO of Williams-Sonoma,Laura J. Alber,5
233,ALBERGA DAVID A,CEO of Williams-Sonoma,Laura J. Alber,7
